Lead Machine Learning Engineer - Trust Platform,Grab
Software Development Intern,Activision Blizzard
DRIVE SDK Engineer - Autonomous Driving,NVIDIA
Machine Learning Engineer,Graphcore
"Staff Software Engineer, Machine Learning Infrastructure",Tubi
"Associate Software Engineer, gReach Program for People with Disabilities",Google
Golang软件开发工程师,LINE MAN Wongnai
AI Engineer,IBM
<Future Opportunity>Azure Engineer,Avanade
"AIML - Machine Learning Engineer, Data & ML Innovation",Apple
Machine Learning Big Data Engineer,Michael Page
X++ software developer ( work from home ),HCLTech
NLP算法工程师--百科,ByteDance
Machine Learning Engineer,中国集团
AI Expert Engineer – Large Scale Model Engineer,"TCL Corporate Research(HK) Co., Ltd"
AI算法工程师,Huawei
Senior Machine Learning Engineer,SAP
Quantitative Developer,Millennium
"Machine Learning Engineer, Computer Vision Algorithm (2D/2.5D/3D Video)",Apple
"Software Dev Engineer Intern, 2023 Beijing",Amazon Business
System Engineer,Charlton Morris
